"Date","Price","Open","High","Low","Vol.","Change %"
"01/17/2024","83.182","83.085","83.217","83.035","","0.12%"
"01/16/2024","83.084","82.832","83.150","82.829","","0.31%"
"01/15/2024","82.827","82.835","82.929","82.775","","-0.04%"
"01/12/2024","82.857","83.068","83.104","82.779","","-0.25%"
"01/11/2024","83.063","83.004","83.121","82.930","","0.05%"
"01/10/2024","83.023","83.113","83.185","82.959","","-0.10%"
"01/09/2024","83.109","83.053","83.149","83.029","","0.08%"
"01/08/2024","83.045","83.124","83.178","83.026","","-0.07%"
"01/05/2024","83.103","83.235","83.286","83.067","","-0.17%"
"01/04/2024","83.243","83.294","83.335","83.195","","-0.05%"
"01/03/2024","83.282","83.279","83.348","83.244","","0.01%"
"01/02/2024","83.270","83.179","83.359","83.179","","0.04%"
"01/01/2024","83.238","83.240","83.243","83.150","","0.06%"
"12/29/2023","83.190","83.174","83.242","83.099","","0.03%"
"12/28/2023","83.169","83.268","83.318","83.125","","-0.11%"
"12/27/2023","83.263","83.163","83.368","83.163","","0.13%"
"12/26/2023","83.158","83.169","83.218","83.105","","-0.01%"
"12/25/2023","83.164","83.179","83.179","83.109","","0.00%"
"12/22/2023","83.166","83.221","83.275","83.102","","-0.06%"
"12/21/2023","83.214","83.166","83.291","83.156","","0.09%"
"12/20/2023","83.139","83.111","83.237","83.087","","0.04%"
"12/19/2023","83.106","83.153","83.228","83.070","","-0.05%"
"12/18/2023","83.144","83.018","83.173","82.910","","0.15%"
"12/15/2023","83.020","83.308","83.332","82.927","","-0.34%"
"12/14/2023","83.307","83.287","83.372","83.266","","-0.05%"
"12/13/2023","83.350","83.399","83.438","83.346","","-0.06%"
"12/12/2023","83.396","83.368","83.434","83.324","","0.06%"
"12/11/2023","83.350","83.409","83.451","83.349","","-0.09%"
"12/08/2023","83.425","83.354","83.465","83.335","","0.10%"
"12/07/2023","83.343","83.337","83.398","83.311","","0.01%"
"12/06/2023","83.332","83.325","83.381","83.286","","0.01%"
"12/05/2023","83.320","83.431","83.439","83.317","","-0.13%"
"12/04/2023","83.426","83.217","83.461","83.215","","0.20%"
"12/01/2023","83.260","83.356","83.375","83.240","","-0.12%"
"11/30/2023","83.357","83.359","83.419","83.290","","0.01%"
"11/29/2023","83.352","83.292","83.383","83.260","","0.01%"
"11/28/2023","83.340","83.358","83.399","83.292","","0.01%"
"11/27/2023","83.330","83.324","83.433","83.309","","-0.01%"
"11/24/2023","83.340","83.350","83.413","83.332","","0.04%"
"11/23/2023","83.305","83.276","83.368","83.265","","0.02%"
"11/22/2023","83.287","83.313","83.359","83.255","","-0.03%"
"11/21/2023","83.308","83.321","83.380","83.228","","-0.01%"
"11/20/2023","83.317","83.265","83.424","83.230","","0.09%"
"11/17/2023","83.244","83.161","83.303","83.161","","0.11%"
"11/16/2023","83.152","83.186","83.273","83.153","","-0.04%"
"11/15/2023","83.188","82.980","83.213","82.962","","0.26%"
"11/14/2023","82.973","83.209","83.278","82.906","","-0.25%"
"11/13/2023","83.180","83.309","83.343","83.201","","-0.15%"
"11/10/2023","83.309","83.302","83.499","83.224","","-0.01%"
"11/09/2023","83.315","83.232","83.341","83.216","","0.12%"
"11/08/2023","83.213","83.234","83.310","83.208","","-0.02%"
"11/07/2023","83.230","83.221","83.287","83.210","","0.01%"
"11/06/2023","83.218","83.107","83.263","83.085","","0.09%"
"11/03/2023","83.140","83.247","83.311","83.134","","-0.11%"
"11/02/2023","83.234","83.240","83.281","83.174","","0.00%"
"11/01/2023","83.237","83.278","83.337","83.225","","-0.02%"
"10/31/2023","83.256","83.260","83.293","83.221","","0.01%"
"10/30/2023","83.250","83.280","83.305","83.212","","-0.02%"
"10/27/2023","83.265","83.272","83.301","83.190","","0.03%"
"10/26/2023","83.243","83.163","83.269","83.131","","0.12%"
"10/25/2023","83.140","83.022","83.205","83.008","","0.16%"
"10/24/2023","83.010","83.031","83.102","82.956","","-0.07%"
"10/23/2023","83.071","83.160","83.206","83.085","","-0.10%"
"10/20/2023","83.150","83.150","83.216","83.012","","0.06%"
"10/19/2023","83.097","83.284","83.306","83.082","","-0.23%"
"10/18/2023","83.290","83.255","83.310","83.211","","0.06%"
"10/17/2023","83.240","83.215","83.289","83.186","","0.06%"
"10/16/2023","83.190","83.264","83.296","83.183","","-0.08%"
"10/13/2023","83.255","83.250","83.297","83.211","","-0.04%"
"10/12/2023","83.290","83.175","83.302","83.125","","0.16%"
"10/11/2023","83.160","83.217","83.246","83.116","","0.00%"
"10/10/2023","83.162","83.266","83.282","83.170","","-0.11%"
"10/09/2023","83.254","83.187","83.348","83.162","","0.16%"
"10/06/2023","83.118","83.218","83.303","83.121","","-0.10%"
"10/05/2023","83.200","83.214","83.305","83.178","","-0.06%"
"10/04/2023","83.250","83.235","83.346","83.173","","0.04%"
"10/03/2023","83.214","83.233","83.271","83.127","","0.05%"
"10/02/2023","83.174","83.165","83.234","83.123","","0.17%"
"09/29/2023","83.030","83.209","83.209","83.012","","-0.14%"
"09/28/2023","83.150","83.237","83.273","83.111","","-0.04%"
"09/27/2023","83.181","83.297","83.312","83.153","","-0.06%"
"09/26/2023","83.230","83.122","83.309","83.099","","0.12%"
"09/25/2023","83.130","83.057","83.179","83.029","","0.19%"
"09/22/2023","82.970","82.876","82.993","82.769","","-0.16%"
"09/21/2023","83.102","83.193","83.222","83.005","","0.22%"
"09/20/2023","82.920","83.261","83.297","82.924","","-0.47%"
"09/19/2023","83.310","83.250","83.344","83.170","","0.05%"
"09/18/2023","83.270","83.106","83.360","83.085","","0.24%"
"09/15/2023","83.069","83.063","83.202","82.981","","0.07%"
"09/14/2023","83.010","82.915","83.101","82.913","","0.09%"
"09/13/2023","82.934","82.873","83.039","82.855","","0.10%"
"09/12/2023","82.850","82.905","83.015","82.853","","-0.06%"
"09/11/2023","82.900","82.955","83.068","82.815","","-0.13%"
"09/08/2023","83.004","83.133","83.184","82.902","","-0.18%"
"09/07/2023","83.150","83.220","83.271","83.076","","-0.06%"
"09/06/2023","83.197","83.075","83.258","82.986","","0.20%"
"09/05/2023","83.033","82.753","83.097","82.712","","0.38%"
"09/04/2023","82.715","82.670","82.785","82.650","","0.03%"
"09/01/2023","82.689","82.647","82.784","82.576","","-0.02%"
"08/31/2023","82.702","82.678","82.799","82.582","","0.11%"
"08/30/2023","82.607","82.593","82.819","82.568","","0.04%"
"08/29/2023","82.574","82.646","82.842","82.576","","-0.03%"
"08/28/2023","82.600","82.585","82.662","82.527","","-0.04%"
"08/25/2023","82.637","82.605","82.740","82.532","","0.07%"
"08/24/2023","82.580","82.579","82.646","82.359","","0.09%"
"08/23/2023","82.508","83.082","83.090","82.449","","-0.64%"
"08/22/2023","83.040","83.113","83.122","82.909","","-0.06%"
"08/21/2023","83.090","83.193","83.217","83.021","","-0.06%"
"08/18/2023","83.140","83.086","83.221","83.018","","0.00%"
"08/17/2023","83.140","83.224","83.262","82.991","","-0.10%"
"08/16/2023","83.222","83.243","83.428","83.077","","-0.02%"
"08/15/2023","83.239","83.208","83.468","83.177","","0.07%"
"08/14/2023","83.180","82.877","83.292","82.877","","0.34%"
"08/11/2023","82.898","82.811","82.911","82.737","","0.31%"
"08/10/2023","82.644","82.839","82.880","82.590","","-0.27%"
"08/09/2023","82.871","82.877","82.880","82.797","","-0.01%"
"08/08/2023","82.880","82.760","82.984","82.760","","0.12%"
"08/07/2023","82.778","82.740","82.785","82.689","","0.10%"
"08/04/2023","82.696","82.762","82.892","82.674","","-0.07%"
"08/03/2023","82.755","82.699","82.815","82.665","","0.02%"
"08/02/2023","82.735","82.330","82.788","82.313","","0.47%"
"08/01/2023","82.345","82.235","82.345","82.205","","0.12%"
"07/31/2023","82.245","82.203","82.301","82.203","","-0.01%"
"07/28/2023","82.253","82.178","82.377","82.178","","0.12%"
"07/27/2023","82.155","81.929","82.234","81.869","","0.24%"
"07/26/2023","81.955","81.876","82.068","81.855","","0.12%"
"07/25/2023","81.855","81.799","81.904","81.667","","0.07%"
"07/24/2023","81.795","82.010","82.045","81.778","","-0.24%"
"07/21/2023","81.990","82.074","82.088","81.922","","-0.11%"
"07/20/2023","82.080","82.044","82.080","81.897","","0.03%"
"07/19/2023","82.055","82.062","82.158","82.015","","-0.01%"
"07/18/2023","82.065","82.040","82.093","81.957","","0.02%"
"07/17/2023","82.050","82.132","82.215","81.979","","-0.03%"
"07/14/2023","82.077","82.011","82.215","81.943","","0.03%"
"07/13/2023","82.050","81.982","82.150","81.952","","0.08%"
"07/12/2023","81.985","82.392","82.400","81.945","","-0.50%"
"07/11/2023","82.395","82.526","82.551","82.322","","-0.16%"
"07/10/2023","82.525","82.645","82.689","82.515","","-0.11%"
"07/07/2023","82.615","82.763","82.764","82.522","","-0.18%"
"07/06/2023","82.766","82.391","82.818","82.293","","0.44%"
"07/05/2023","82.403","82.023","82.413","81.995","","0.52%"
"07/04/2023","81.974","81.978","82.059","81.892","","0.04%"
"07/03/2023","81.945","82.036","82.058","81.755","","-0.18%"
"06/30/2023","82.096","82.075","82.128","81.991","","-0.01%"
"06/29/2023","82.105","82.012","82.121","81.978","","0.09%"
"06/28/2023","82.030","81.971","82.091","81.969","","0.02%"
"06/27/2023","82.011","82.029","82.059","81.942","","0.04%"
"06/26/2023","81.975","81.950","82.071","81.935","","-0.01%"
"06/23/2023","81.985","81.912","82.083","81.912","","0.03%"
"06/22/2023","81.960","81.941","82.010","81.875","","0.02%"
"06/21/2023","81.940","81.981","82.140","81.940","","-0.08%"
"06/20/2023","82.005","81.915","82.173","81.915","","0.11%"
"06/19/2023","81.915","81.976","82.013","81.867","","0.00%"
"06/16/2023","81.915","81.913","82.025","81.825","","0.01%"
"06/15/2023","81.905","82.045","82.260","81.905","","-0.07%"
"06/14/2023","81.960","82.231","82.335","81.898","","-0.34%"
"06/13/2023","82.240","82.384","82.481","82.146","","-0.21%"
"06/12/2023","82.415","82.458","82.517","82.415","","-0.04%"
"06/09/2023","82.445","82.505","82.507","82.396","","-0.09%"
"06/08/2023","82.516","82.641","82.641","82.493","","0.01%"
"06/07/2023","82.510","82.510","82.584","82.450","","-0.01%"
"06/06/2023","82.515","82.511","82.655","82.472","","-0.01%"
"06/05/2023","82.525","82.434","82.685","82.394","","0.15%"
"06/02/2023","82.403","82.271","82.424","82.257","","0.15%"
"06/01/2023","82.277","82.672","82.674","82.268","","-0.50%"
"05/31/2023","82.690","82.629","82.777","82.610","","0.00%"
"05/30/2023","82.692","82.554","82.815","82.554","","0.09%"
"05/29/2023","82.614","82.589","82.703","82.534","","0.05%"
"05/26/2023","82.575","82.745","82.745","82.522","","-0.20%"
"05/25/2023","82.742","82.678","82.809","82.653","","0.08%"
"05/24/2023","82.675","82.855","82.886","82.564","","-0.19%"
"05/23/2023","82.835","82.825","82.876","82.743","","-0.01%"
"05/22/2023","82.845","82.798","82.895","82.727","","-0.07%"
"05/19/2023","82.905","82.770","82.953","82.632","","0.22%"
"05/18/2023","82.725","82.443","82.778","82.347","","0.39%"
"05/17/2023","82.405","82.248","82.447","82.248","","0.14%"
"05/16/2023","82.291","82.237","82.319","82.181","","0.03%"
"05/15/2023","82.267","82.249","82.402","82.207","","0.08%"
"05/12/2023","82.201","82.127","82.252","82.118","","0.12%"
"05/11/2023","82.100","81.919","82.190","81.887","","0.21%"
"05/10/2023","81.925","82.125","82.125","81.882","","-0.24%"
"05/09/2023","82.125","81.782","82.175","81.779","","0.42%"
"05/08/2023","81.780","81.692","81.835","81.654","","0.07%"
"05/05/2023","81.725","81.719","81.835","81.671","","0.00%"
"05/04/2023","81.725","81.749","81.832","81.663","","-0.07%"
"05/03/2023","81.780","81.785","81.887","81.670","","0.01%"
"05/02/2023","81.770","81.810","81.965","81.720","","-0.02%"
"05/01/2023","81.790","81.810","81.818","81.720","","0.06%"
"04/28/2023","81.745","81.735","81.875","81.719","","0.04%"
"04/27/2023","81.715","81.733","81.868","81.596","","-0.06%"
"04/26/2023","81.760","81.995","82.033","81.683","","-0.28%"
"04/25/2023","81.990","81.891","82.055","81.869","","0.04%"
"04/24/2023","81.960","82.078","82.117","81.850","","-0.12%"
"04/21/2023","82.055","82.145","82.220","82.011","","-0.10%"
"04/20/2023","82.140","82.319","82.359","82.043","","-0.17%"
"04/19/2023","82.280","82.084","82.280","82.053","","0.21%"
"04/18/2023","82.105","82.015","82.125","81.959","","0.12%"
"04/17/2023","82.005","81.913","82.094","81.864","","0.20%"
"04/14/2023","81.845","81.699","81.945","81.567","","0.21%"
"04/13/2023","81.675","82.018","82.035","81.631","","-0.35%"
"04/12/2023","81.960","82.089","82.133","81.940","","-0.13%"
"04/11/2023","82.070","81.968","82.175","81.942","","0.10%"
"04/10/2023","81.985","81.838","82.045","81.772","","0.12%"
"04/07/2023","81.885","81.827","81.915","81.785","","0.05%"
"04/06/2023","81.840","81.958","82.075","81.810","","-0.13%"
"04/05/2023","81.945","82.119","82.225","81.841","","-0.20%"
"04/04/2023","82.110","82.234","82.294","82.075","","-0.12%"
"04/03/2023","82.205","82.377","82.487","82.185","","0.02%"
"03/31/2023","82.185","82.083","82.290","82.055","","0.10%"
"03/30/2023","82.100","82.253","82.294","82.029","","-0.13%"
"03/29/2023","82.206","82.187","82.398","82.187","","0.01%"
"03/28/2023","82.200","82.194","82.303","82.112","","0.00%"
"03/27/2023","82.200","82.365","82.445","82.200","","-0.17%"
"03/24/2023","82.339","82.243","82.510","82.194","","0.09%"
"03/23/2023","82.265","82.528","82.555","82.056","","-0.32%"
"03/22/2023","82.525","82.692","82.739","82.395","","-0.22%"
"03/21/2023","82.704","82.542","82.733","82.542","","0.21%"
"03/20/2023","82.530","82.510","82.725","82.468","","-0.01%"
"03/17/2023","82.540","82.609","82.694","82.434","","-0.10%"
"03/16/2023","82.625","82.755","82.830","82.582","","-0.34%"
"03/15/2023","82.907","82.288","82.919","82.225","","0.79%"
"03/14/2023","82.260","82.287","82.567","82.241","","0.00%"
"03/13/2023","82.263","81.700","82.312","81.700","","0.36%"
"03/10/2023","81.965","82.026","82.194","81.821","","-0.07%"
"03/09/2023","82.025","81.943","82.065","81.762","","0.09%"
"03/08/2023","81.955","82.012","82.300","81.837","","-0.09%"
"03/07/2023","82.025","81.872","82.025","81.737","","0.26%"
"03/06/2023","81.815","81.754","81.955","81.595","","0.13%"
"03/03/2023","81.710","82.361","82.425","81.710","","-0.78%"
"03/02/2023","82.355","82.415","82.623","82.355","","-0.10%"
"03/01/2023","82.435","82.588","82.628","82.365","","-0.25%"
"02/28/2023","82.645","82.666","82.761","82.532","","-0.01%"
"02/27/2023","82.652","82.867","82.958","82.609","","-0.33%"
"02/24/2023","82.925","82.644","83.027","82.643","","0.37%"
"02/23/2023","82.618","82.797","82.857","82.561","","-0.26%"
"02/22/2023","82.835","82.844","82.914","82.767","","-0.02%"
"02/21/2023","82.849","82.670","82.869","82.670","","0.15%"
"02/20/2023","82.721","82.719","82.767","82.612","","-0.05%"
"02/17/2023","82.765","82.698","82.865","82.698","","0.06%"
"02/16/2023","82.715","82.695","82.823","82.589","","-0.06%"
"02/15/2023","82.765","82.852","82.969","82.765","","-0.18%"
"02/14/2023","82.915","82.597","83.024","82.556","","0.39%"
"02/13/2023","82.597","82.557","82.775","82.557","","0.09%"
"02/10/2023","82.520","82.516","82.648","82.320","","-0.02%"
"02/09/2023","82.540","82.681","82.699","82.403","","-0.14%"
"02/08/2023","82.655","82.734","82.757","82.467","","-0.26%"
"02/07/2023","82.870","82.760","82.888","82.612","","0.15%"
"02/06/2023","82.750","82.393","82.832","82.321","","0.63%"
"02/03/2023","82.233","82.066","82.338","81.754","","0.23%"
"02/02/2023","82.044","81.687","82.250","81.685","","0.35%"
"02/01/2023","81.757","81.764","82.053","81.698","","-0.01%"
"01/31/2023","81.769","81.599","82.099","81.575","","0.30%"
"01/30/2023","81.525","81.526","81.725","81.436","","0.01%"
"01/27/2023","81.515","81.487","81.677","81.470","","0.09%"
"01/26/2023","81.445","81.529","81.588","81.355","","-0.09%"
"01/25/2023","81.519","81.624","81.803","81.499","","-0.10%"
"01/24/2023","81.599","81.488","81.770","81.398","","0.14%"
"01/23/2023","81.483","80.908","81.493","80.864","","0.62%"
"01/20/2023","80.984","81.257","81.305","80.961","","-0.32%"
"01/19/2023","81.245","81.435","81.445","81.207","","-0.25%"
"01/18/2023","81.445","81.655","81.830","81.141","","-0.23%"
"01/17/2023","81.635","81.685","81.893","81.524","","-0.03%"
"01/16/2023","81.656","81.249","81.763","81.219","","0.46%"
"01/13/2023","81.285","81.115","81.500","81.115","","0.22%"
"01/12/2023","81.110","81.662","81.753","81.110","","-0.65%"
"01/11/2023","81.642","81.606","81.820","81.478","","0.01%"
"01/10/2023","81.630","82.208","82.338","81.605","","-0.67%"
"01/09/2023","82.180","82.216","82.452","82.100","","-0.12%"
"01/06/2023","82.275","82.582","82.762","82.275","","-0.39%"
"01/05/2023","82.596","82.740","82.833","82.427","","-0.09%"
"01/04/2023","82.667","82.800","82.940","82.667","","-0.14%"
"01/03/2023","82.779","82.679","83.016","82.646","","0.01%"
"01/02/2023","82.773","82.688","82.808","82.585","","0.03%"
"12/30/2022","82.745","82.785","82.836","82.540","","-0.05%"
"12/29/2022","82.787","82.850","82.903","82.779","","0.03%"
"12/28/2022","82.763","82.847","82.956","82.746","","-0.09%"
"12/27/2022","82.835","82.655","82.886","82.655","","0.21%"
"12/26/2022","82.665","82.785","82.853","82.632","","-0.15%"
"12/23/2022","82.790","82.880","82.895","82.740","","-0.23%"
"12/22/2022","82.985","82.825","82.986","82.660","","0.12%"
"12/21/2022","82.885","82.715","82.910","82.654","","0.33%"
"12/20/2022","82.610","82.587","82.893","82.552","","-0.08%"
"12/19/2022","82.677","82.778","82.843","82.584","","-0.07%"
"12/16/2022","82.733","82.887","82.919","82.625","","-0.16%"
"12/15/2022","82.862","82.525","82.983","82.428","","0.44%"
"12/14/2022","82.495","82.626","82.731","82.419","","0.11%"
"12/13/2022","82.403","82.662","82.922","82.380","","-0.30%"
"12/12/2022","82.647","82.421","82.752","82.421","","0.28%"
"12/09/2022","82.420","82.249","82.494","82.091","","0.16%"
"12/08/2022","82.290","82.272","82.472","82.254","","0.09%"
"12/07/2022","82.216","82.406","82.778","82.186","","-0.33%"
"12/06/2022","82.490","81.884","82.645","81.884","","0.72%"
"12/05/2022","81.900","81.260","81.910","81.190","","0.57%"
"12/02/2022","81.438","81.188","81.528","81.108","","0.38%"
"12/01/2022","81.130","81.137","81.330","80.990","","-0.30%"
"11/30/2022","81.374","81.655","81.660","81.258","","-0.31%"
"11/29/2022","81.626","81.529","81.750","81.529","","-0.03%"
"11/28/2022","81.650","81.800","81.843","81.507","","-0.08%"
"11/25/2022","81.713","81.668","81.766","81.445","","0.09%"
"11/24/2022","81.642","81.633","81.802","81.597","","0.01%"
"11/23/2022","81.633","81.743","81.949","81.632","","-0.11%"
"11/22/2022","81.719","81.704","81.830","81.574","","-0.01%"
"11/21/2022","81.728","81.672","81.951","81.596","","0.10%"
"11/18/2022","81.644","81.537","81.812","81.517","","0.13%"
"11/17/2022","81.540","81.454","81.859","81.435","","0.06%"
"11/16/2022","81.495","81.115","81.585","81.115","","0.50%"
"11/15/2022","81.091","80.995","81.475","80.708","","0.12%"
"11/14/2022","80.992","80.527","81.312","80.527","","0.60%"
"11/11/2022","80.505","80.588","81.002","80.483","","-0.17%"
"11/10/2022","80.640","81.430","81.930","80.634","","-0.88%"
"11/09/2022","81.355","81.350","81.645","81.215","","-0.03%"
"11/08/2022","81.380","81.814","82.039","81.224","","-0.55%"
"11/07/2022","81.832","82.078","82.348","81.820","","-0.18%"
"11/04/2022","81.982","82.697","82.740","81.978","","-0.91%"
"11/03/2022","82.738","82.873","82.976","82.691","","0.00%"
"11/02/2022","82.739","82.680","82.838","82.631","","0.10%"
"11/01/2022","82.660","82.797","82.808","82.486","","-0.14%"
"10/31/2022","82.780","82.369","82.873","82.321","","0.62%"
"10/28/2022","82.268","82.356","82.507","82.268","","-0.15%"
"10/27/2022","82.393","82.029","82.575","82.029","","0.57%"
"10/26/2022","81.928","82.468","82.541","81.966","","-0.72%"
"10/25/2022","82.523","82.757","82.856","82.400","","-0.29%"
"10/24/2022","82.761","82.615","82.882","82.584","","0.27%"
"10/21/2022","82.541","82.835","83.099","82.538","","-0.34%"
"10/20/2022","82.825","82.982","83.268","82.508","","-0.23%"
"10/19/2022","83.020","82.279","83.108","82.268","","0.88%"
"10/18/2022","82.298","82.142","82.388","82.006","","0.13%"
"10/17/2022","82.189","82.418","82.435","82.099","","-0.22%"
"10/14/2022","82.367","82.209","82.450","82.128","","0.21%"
"10/13/2022","82.192","82.199","82.680","82.120","","0.02%"
"10/12/2022","82.177","82.255","82.382","82.168","","-0.12%"
"10/11/2022","82.273","82.415","82.514","82.102","","-0.14%"
"10/10/2022","82.385","82.695","82.710","82.251","","-0.54%"
"10/07/2022","82.832","82.276","82.832","82.102","","0.91%"
"10/06/2022","82.088","81.542","82.326","81.487","","0.54%"
"10/05/2022","81.648","81.471","81.728","81.320","","0.21%"
"10/04/2022","81.478","81.517","81.708","81.293","","-0.04%"
"10/03/2022","81.509","81.519","81.938","81.495","","-0.02%"
"09/30/2022","81.522","81.486","81.722","81.154","","0.04%"
"09/29/2022","81.489","81.593","81.971","81.484","","0.07%"
"09/28/2022","81.431","81.875","82.030","81.363","","-0.36%"
"09/27/2022","81.727","81.375","81.794","81.299","","0.12%"
"09/26/2022","81.625","81.325","81.719","81.325","","0.46%"
"09/23/2022","81.255","81.030","81.271","80.765","","0.24%"
"09/22/2022","81.062","80.221","81.145","80.192","","1.41%"
"09/21/2022","79.936","79.789","80.085","79.759","","0.21%"
"09/20/2022","79.769","79.668","79.788","79.593","","0.07%"
"09/19/2022","79.713","79.706","79.838","79.589","","0.02%"
"09/16/2022","79.698","79.844","79.870","79.578","","-0.19%"
"09/15/2022","79.849","79.500","79.856","79.438","","0.49%"
"09/14/2022","79.459","79.594","79.648","79.377","","-0.18%"
"09/13/2022","79.602","79.400","79.632","79.023","","0.31%"
"09/12/2022","79.355","79.653","79.725","79.278","","-0.38%"
"09/09/2022","79.655","79.676","79.685","79.454","","-0.04%"
"09/08/2022","79.690","79.657","79.857","79.649","","0.05%"
"09/07/2022","79.650","79.899","79.977","79.602","","-0.31%"
"09/06/2022","79.895","79.802","79.932","79.743","","0.13%"
"09/05/2022","79.791","79.907","79.912","79.738","","0.09%"
"09/02/2022","79.722","79.690","79.908","79.608","","0.03%"
"09/01/2022","79.701","79.534","79.754","79.300","","0.24%"
"08/31/2022","79.511","79.697","79.717","79.417","","-0.22%"
"08/30/2022","79.683","79.957","79.987","79.421","","-0.36%"
"08/29/2022","79.971","79.992","80.148","79.901","","0.00%"
"08/26/2022","79.971","79.888","79.981","79.698","","0.11%"
"08/25/2022","79.880","79.810","80.012","79.756","","0.10%"
"08/24/2022","79.797","79.873","79.907","79.704","","-0.08%"
"08/23/2022","79.857","79.880","79.920","79.675","","0.00%"
"08/22/2022","79.855","79.881","79.925","79.768","","-0.09%"
"08/19/2022","79.925","79.768","79.925","79.693","","0.21%"
"08/18/2022","79.760","79.386","79.760","79.366","","0.50%"
"08/17/2022","79.360","79.148","79.514","79.148","","0.13%"
"08/16/2022","79.256","79.548","79.606","79.248","","-0.36%"
"08/15/2022","79.546","79.671","79.672","79.468","","-0.13%"
"08/12/2022","79.651","79.610","79.755","79.596","","0.08%"
"08/11/2022","79.585","79.056","79.695","79.056","","0.62%"
"08/10/2022","79.095","79.535","79.610","79.006","","-0.60%"
"08/09/2022","79.573","79.565","79.646","79.489","","-0.02%"
"08/08/2022","79.591","79.407","79.673","79.407","","0.28%"
"08/05/2022","79.365","79.155","79.474","78.918","","0.25%"
"08/04/2022","79.165","79.074","79.818","79.048","","0.06%"
"08/03/2022","79.118","78.611","79.246","78.571","","0.65%"
"08/02/2022","78.605","78.950","79.007","78.397","","-0.46%"
"08/01/2022","78.971","79.183","79.249","78.887","","-0.48%"
"07/29/2022","79.351","79.603","79.603","79.175","","-0.36%"
"07/28/2022","79.638","79.769","79.861","79.584","","-0.28%"
"07/27/2022","79.860","79.833","79.989","79.780","","0.00%"
"07/26/2022","79.862","79.730","79.882","79.693","","0.18%"
"07/25/2022","79.719","79.785","79.898","79.684","","-0.16%"
"07/22/2022","79.845","79.893","79.935","79.802","","-0.04%"
"07/21/2022","79.875","80.022","80.090","79.765","","-0.16%"
"07/20/2022","80.005","79.902","80.075","79.898","","0.18%"
"07/19/2022","79.865","79.977","80.075","79.849","","-0.19%"
"07/18/2022","80.015","79.813","80.025","79.712","","0.29%"
"07/15/2022","79.785","79.864","79.983","79.714","","-0.16%"
"07/14/2022","79.915","79.716","80.235","79.663","","0.29%"
"07/13/2022","79.680","79.515","79.873","79.497","","0.27%"
"07/12/2022","79.465","79.453","79.675","79.453","","0.04%"
"07/11/2022","79.435","79.275","79.585","79.275","","0.18%"
"07/08/2022","79.290","79.181","79.440","79.143","","0.15%"
"07/07/2022","79.175","79.046","79.278","78.905","","0.16%"
"07/06/2022","79.047","79.186","79.398","78.922","","-0.32%"
"07/05/2022","79.298","78.964","79.428","78.956","","0.45%"
"07/04/2022","78.939","78.984","79.088","78.871","","-0.02%"
"07/01/2022","78.956","78.983","79.159","78.818","","-0.01%"
"06/30/2022","78.965","78.900","79.095","78.867","","0.03%"
"06/29/2022","78.945","79.004","79.075","78.856","","-0.06%"
"06/28/2022","78.995","78.445","79.047","78.438","","0.71%"
"06/27/2022","78.440","78.283","78.571","78.196","","0.24%"
"06/24/2022","78.255","78.182","78.375","78.120","","0.14%"
"06/23/2022","78.145","78.220","78.377","78.112","","-0.04%"
"06/22/2022","78.180","78.150","78.410","78.121","","0.06%"
"06/21/2022","78.133","77.937","78.143","77.935","","0.26%"
"06/20/2022","77.927","78.002","78.058","77.879","","-0.03%"
"06/17/2022","77.952","77.993","78.112","77.941","","-0.03%"
"06/16/2022","77.977","78.036","78.123","77.917","","-0.25%"
"06/15/2022","78.171","78.030","78.227","77.977","","0.19%"
"06/14/2022","78.022","78.128","78.128","77.953","","-0.10%"
"06/13/2022","78.104","78.185","78.323","77.963","","-0.05%"
"06/10/2022","78.144","77.804","78.208","77.778","","0.42%"
"06/09/2022","77.815","77.707","77.874","77.690","","0.14%"
"06/08/2022","77.709","77.700","77.811","77.598","","0.06%"
"06/07/2022","77.664","77.784","77.847","77.620","","-0.19%"
"06/06/2022","77.814","77.678","77.854","77.554","","0.26%"
"06/03/2022","77.615","77.423","77.680","77.393","","0.28%"
"06/02/2022","77.399","77.562","77.654","77.377","","-0.21%"
"06/01/2022","77.560","77.627","77.655","77.431","","-0.05%"
"05/31/2022","77.598","77.553","77.752","77.553","","0.06%"
"05/30/2022","77.554","77.595","77.595","77.487","","-0.09%"
"05/27/2022","77.624","77.640","77.703","77.533","","-0.02%"
"05/26/2022","77.636","77.504","77.716","77.504","","0.14%"
"05/25/2022","77.531","77.496","77.641","77.459","","0.07%"
"05/24/2022","77.475","77.528","77.690","77.463","","-0.09%"
"05/23/2022","77.545","77.678","77.738","77.445","","-0.41%"
"05/20/2022","77.865","77.432","77.891","77.432","","0.58%"
"05/19/2022","77.415","77.825","77.825","77.378","","-0.51%"
"05/18/2022","77.810","77.455","77.810","77.455","","0.43%"
"05/17/2022","77.476","77.822","77.822","77.375","","-0.46%"
"05/16/2022","77.833","77.512","77.911","77.512","","0.46%"
"05/13/2022","77.480","77.440","77.548","77.243","","0.06%"
"05/12/2022","77.435","77.418","77.645","77.294","","0.01%"
"05/11/2022","77.425","77.254","77.502","77.155","","0.26%"
"05/10/2022","77.225","77.374","77.472","77.114","","-0.18%"
"05/09/2022","77.365","76.987","77.535","76.987","","0.50%"
"05/06/2022","76.979","76.518","77.079","76.518","","0.61%"
"05/05/2022","76.514","76.149","76.578","76.007","","0.30%"
"05/04/2022","76.282","76.474","76.603","76.206","","-0.25%"
"05/03/2022","76.470","76.490","76.675","76.450","","-0.02%"
"05/02/2022","76.485","76.515","76.530","76.327","","-0.07%"
"04/29/2022","76.535","76.617","76.704","76.264","","-0.18%"
"04/28/2022","76.670","76.521","76.720","76.407","","0.05%"
"04/27/2022","76.632","76.773","76.816","76.498","","-0.06%"
"04/26/2022","76.680","76.546","76.705","76.451","","-0.09%"
"04/25/2022","76.748","76.556","76.800","76.552","","0.36%"
"04/22/2022","76.475","76.283","76.533","76.205","","0.28%"
"04/21/2022","76.262","76.282","76.390","76.080","","-0.01%"
"04/20/2022","76.269","76.475","76.548","76.156","","-0.23%"
"04/19/2022","76.445","76.285","76.560","76.253","","0.21%"
"04/18/2022","76.284","76.308","76.453","76.222","","-0.06%"
"04/15/2022","76.332","76.306","76.365","76.286","","0.05%"
"04/14/2022","76.292","76.145","76.296","76.081","","0.22%"
"04/13/2022","76.122","76.155","76.286","76.044","","0.05%"
"04/12/2022","76.082","75.938","76.196","75.938","","0.32%"
"04/11/2022","75.836","75.966","76.111","75.805","","-0.16%"
"04/08/2022","75.960","75.932","76.061","75.722","","0.06%"
"04/07/2022","75.913","75.962","76.050","75.776","","-0.04%"
"04/06/2022","75.947","75.424","76.074","75.424","","0.64%"
"04/05/2022","75.465","75.434","75.572","75.260","","0.02%"
"04/04/2022","75.451","75.922","75.951","75.354","","-0.72%"
"04/01/2022","75.995","75.918","76.021","75.863","","0.09%"
"03/31/2022","75.928","75.845","75.968","75.651","","0.14%"
"03/30/2022","75.823","75.668","75.984","75.615","","0.21%"
"03/29/2022","75.666","76.005","76.176","75.565","","-0.56%"
"03/28/2022","76.090","76.320","76.390","76.022","","-0.26%"
"03/25/2022","76.285","76.222","76.299","76.125","","-0.03%"
"03/24/2022","76.305","76.510","76.510","76.166","","-0.29%"
"03/23/2022","76.530","76.104","76.530","75.982","","0.49%"
"03/22/2022","76.159","76.308","76.520","75.996","","-0.17%"
"03/21/2022","76.285","76.034","76.285","76.005","","0.29%"
"03/18/2022","76.065","76.065","76.210","76.017","","0.17%"
"03/17/2022","75.937","76.054","76.090","75.755","","-0.35%"
"03/16/2022","76.200","76.271","76.482","76.108","","-0.29%"
"03/15/2022","76.420","76.470","76.690","76.302","","-0.04%"
"03/14/2022","76.450","76.654","76.720","76.440","","-0.08%"
"03/11/2022","76.511","76.371","76.737","76.272","","0.26%"
"03/10/2022","76.310","76.271","76.497","76.071","","-0.09%"
"03/09/2022","76.382","76.928","77.014","76.317","","-0.68%"
"03/08/2022","76.905","76.996","77.174","76.725","","-0.09%"
"03/07/2022","76.975","76.665","77.160","76.665","","0.72%"
"03/04/2022","76.425","75.945","76.438","75.944","","0.60%"
"03/03/2022","75.971","75.660","76.020","75.627","","0.44%"
"03/02/2022","75.638","75.928","75.947","75.590","","-0.19%"
"03/01/2022","75.782","75.289","75.817","75.284","","0.35%"
"02/28/2022","75.520","75.767","75.808","75.285","","0.59%"
"02/25/2022","75.075","75.415","75.475","75.075","","-0.71%"
"02/24/2022","75.615","74.679","75.835","74.643","","1.31%"
"02/23/2022","74.640","74.630","74.735","74.531","","0.01%"
"02/22/2022","74.630","74.692","74.999","74.602","","0.14%"
"02/21/2022","74.524","74.596","74.742","74.355","","-0.22%"
"02/18/2022","74.687","75.070","75.109","74.469","","-0.56%"
"02/17/2022","75.105","74.973","75.233","74.945","","0.07%"
"02/16/2022","75.050","75.198","75.319","74.955","","-0.17%"
"02/15/2022","75.177","75.630","75.749","75.162","","-0.67%"
"02/14/2022","75.686","75.571","75.712","75.377","","0.45%"
"02/11/2022","75.348","75.315","75.530","75.172","","0.33%"
"02/10/2022","75.102","74.815","75.288","74.806","","0.39%"
"02/09/2022","74.808","74.720","74.890","74.655","","0.12%"
"02/08/2022","74.719","74.639","74.823","74.599","","0.09%"
"02/07/2022","74.655","74.697","74.832","74.625","","0.01%"
"02/04/2022","74.645","74.644","74.843","74.601","","0.00%"
"02/03/2022","74.644","74.851","74.941","74.621","","-0.24%"
"02/02/2022","74.823","74.751","75.047","74.685","","0.10%"
"02/01/2022","74.751","74.561","74.902","74.432","","0.26%"
"01/31/2022","74.556","75.035","75.077","74.556","","-0.65%"
"01/28/2022","75.046","75.203","75.224","74.881","","-0.22%"
"01/27/2022","75.209","75.139","75.329","75.054","","0.41%"
"01/26/2022","74.903","74.798","74.979","74.720","","0.16%"
"01/25/2022","74.787","74.657","74.819","74.567","","0.19%"
"01/24/2022","74.642","74.373","74.757","74.307","","0.31%"
"01/21/2022","74.409","74.483","74.593","74.279","","-0.08%"
"01/20/2022","74.468","74.420","74.552","74.311","","0.02%"
"01/19/2022","74.455","74.567","74.747","74.375","","-0.15%"
"01/18/2022","74.565","74.243","74.618","74.213","","0.42%"
"01/17/2022","74.255","74.182","74.377","74.137","","0.13%"
"01/14/2022","74.156","73.929","74.213","73.916","","0.25%"
"01/13/2022","73.972","73.773","73.993","73.773","","0.24%"
"01/12/2022","73.797","73.797","74.072","73.762","","-0.03%"
"01/11/2022","73.817","74.047","74.056","73.767","","-0.28%"
"01/10/2022","74.025","74.215","74.235","73.996","","-0.34%"
"01/07/2022","74.278","74.434","74.434","74.246","","-0.14%"
"01/06/2022","74.385","74.432","74.520","74.326","","0.13%"
"01/05/2022","74.285","74.535","74.600","74.254","","-0.33%"
"01/04/2022","74.530","74.389","74.732","74.389","","0.17%"
"01/03/2022","74.400","74.484","74.502","74.266","","-0.12%"
"12/31/2021","74.486","74.422","74.532","74.106","","0.10%"
"12/30/2021","74.415","74.495","74.670","74.284","","-0.21%"
"12/29/2021","74.570","74.750","74.865","74.568","","-0.19%"
"12/28/2021","74.715","74.939","75.000","74.599","","-0.35%"
"12/27/2021","74.980","75.019","75.190","74.959","","-0.03%"
"12/24/2021","75.004","75.059","75.228","74.998","","-0.04%"
"12/23/2021","75.035","75.503","75.505","75.035","","-0.56%"
"12/22/2021","75.460","75.685","75.685","75.449","","-0.32%"
"12/21/2021","75.705","75.795","75.800","75.404","","-0.03%"
"12/20/2021","75.730","76.030","76.188","75.730","","-0.37%"
"12/17/2021","76.013","76.208","76.309","75.951","","-0.22%"
"12/16/2021","76.184","76.179","76.343","76.086","","-0.22%"
"12/15/2021","76.355","76.097","76.423","76.035","","0.41%"
"12/14/2021","76.045","75.775","76.045","75.752","","0.36%"
"12/13/2021","75.770","75.680","75.818","75.575","","0.07%"
"12/10/2021","75.718","75.633","75.885","75.585","","0.16%"
"12/09/2021","75.599","75.405","75.691","75.381","","0.29%"
"12/08/2021","75.384","75.412","75.591","75.306","","-0.03%"
"12/07/2021","75.409","75.397","75.513","75.272","","0.02%"
"12/06/2021","75.395","75.181","75.475","75.181","","0.20%"
"12/03/2021","75.241","75.017","75.349","74.948","","0.34%"
"12/02/2021","74.989","75.016","75.099","74.902","","-0.04%"
"12/01/2021","75.021","75.087","75.087","74.798","","-0.11%"
"11/30/2021","75.100","75.043","75.204","74.852","","0.07%"
"11/29/2021","75.050","74.826","75.186","74.803","","-0.02%"
"11/26/2021","75.065","74.601","75.105","74.575","","0.76%"
"11/25/2021","74.502","74.647","74.647","74.464","","-0.16%"
"11/24/2021","74.622","74.438","74.622","74.322","","0.24%"
"11/23/2021","74.447","74.440","74.592","74.371","","0.00%"
"11/22/2021","74.445","74.347","74.527","74.298","","0.13%"
"11/19/2021","74.350","74.184","74.498","74.184","","0.25%"
"11/18/2021","74.165","74.295","74.338","74.015","","-0.12%"
"11/17/2021","74.255","74.469","74.542","74.218","","-0.27%"
"11/16/2021","74.457","74.425","74.535","74.285","","0.07%"
"11/15/2021","74.404","74.373","74.520","74.340","","0.08%"
"11/12/2021","74.347","74.334","74.545","74.274","","0.05%"
"11/11/2021","74.312","74.410","74.607","74.282","","-0.14%"
"11/10/2021","74.415","74.187","74.437","74.076","","0.32%"
"11/09/2021","74.175","73.905","74.175","73.834","","0.34%"
"11/08/2021","73.921","74.224","74.295","73.876","","-0.36%"
"11/05/2021","74.191","74.560","74.582","74.171","","-0.48%"
"11/04/2021","74.548","74.450","74.567","74.218","","0.13%"
"11/03/2021","74.452","74.700","74.745","74.380","","-0.33%"
"11/02/2021","74.695","74.837","74.910","74.570","","-0.19%"
"11/01/2021","74.837","74.935","75.045","74.794","","-0.13%"
"10/29/2021","74.935","74.803","75.048","74.755","","0.20%"
"10/28/2021","74.788","75.069","75.136","74.750","","-0.37%"
"10/27/2021","75.069","74.942","75.110","74.884","","0.17%"
"10/26/2021","74.942","75.022","75.175","74.862","","-0.11%"
"10/25/2021","75.022","74.945","75.182","74.887","","0.03%"
"10/22/2021","74.999","74.869","74.999","74.672","","0.15%"
"10/21/2021","74.889","74.829","74.944","74.703","","0.11%"
"10/20/2021","74.810","75.075","75.209","74.761","","-0.41%"
"10/19/2021","75.120","75.240","75.275","74.892","","-0.12%"
"10/18/2021","75.210","75.041","75.409","75.041","","0.24%"
"10/15/2021","75.030","74.987","75.075","74.882","","0.05%"
"10/14/2021","74.995","75.256","75.385","74.970","","-0.41%"
"10/13/2021","75.306","75.502","75.535","75.194","","-0.24%"
"10/12/2021","75.488","75.434","75.685","75.179","","0.11%"
"10/11/2021","75.403","75.119","75.546","75.070","","0.36%"
"10/08/2021","75.131","74.844","75.197","74.822","","0.41%"
"10/07/2021","74.825","74.768","74.950","74.714","","0.06%"
"10/06/2021","74.778","74.522","75.066","74.522","","0.29%"
"10/05/2021","74.565","74.578","74.688","74.430","","-0.03%"
"10/04/2021","74.588","74.147","74.597","74.135","","0.59%"
"10/01/2021","74.150","74.190","74.389","74.090","","-0.03%"
"09/30/2021","74.170","74.326","74.361","74.115","","-0.17%"
"09/29/2021","74.298","74.174","74.359","74.097","","0.13%"
"09/28/2021","74.200","73.800","74.260","73.734","","0.51%"
"09/27/2021","73.825","73.685","73.886","73.610","","0.01%"
"09/24/2021","73.821","73.832","73.875","73.619","","0.01%"
"09/23/2021","73.810","73.880","73.912","73.600","","-0.02%"
"09/22/2021","73.825","73.777","73.955","73.675","","0.11%"
"09/21/2021","73.745","73.645","73.759","73.555","","0.12%"
"09/20/2021","73.653","73.825","73.847","73.615","","0.01%"
"09/17/2021","73.645","73.526","73.645","73.413","","0.10%"
"09/16/2021","73.575","73.445","73.616","73.335","","0.18%"
"09/15/2021","73.445","73.629","73.742","73.423","","-0.27%"
"09/14/2021","73.647","73.529","73.734","73.517","","0.11%"
"09/13/2021","73.565","73.545","73.787","73.545","","0.06%"
"09/10/2021","73.524","73.556","73.556","73.375","","-0.03%"
"09/09/2021","73.546","73.740","73.897","73.506","","-0.34%"
"09/08/2021","73.796","73.416","73.883","73.412","","0.48%"
"09/07/2021","73.442","73.073","73.494","73.047","","0.50%"
"09/06/2021","73.078","72.995","73.131","72.971","","0.11%"
"09/03/2021","72.997","73.013","73.166","72.930","","-0.01%"
"09/02/2021","73.006","72.998","73.134","72.951","","0.02%"
"09/01/2021","72.995","72.987","73.161","72.916","","0.06%"
"08/31/2021","72.951","73.423","73.423","72.907","","-0.47%"
"08/30/2021","73.299","73.456","73.556","73.187","","-0.24%"
"08/27/2021","73.475","74.126","74.210","73.454","","-0.92%"
"08/26/2021","74.155","74.103","74.275","74.091","","0.05%"
"08/25/2021","74.120","74.150","74.310","74.120","","-0.02%"
"08/24/2021","74.136","74.084","74.230","74.081","","0.00%"
"08/23/2021","74.135","74.261","74.321","74.089","","-0.29%"
"08/20/2021","74.352","74.385","74.483","74.322","","-0.04%"
"08/19/2021","74.380","74.280","74.464","74.261","","0.12%"
"08/18/2021","74.290","74.321","74.355","74.234","","-0.11%"
"08/17/2021","74.375","74.134","74.395","74.134","","0.28%"
"08/16/2021","74.170","74.232","74.305","74.123","","-0.10%"
"08/13/2021","74.242","74.241","74.326","74.238","","-0.10%"
"08/12/2021","74.315","74.103","74.340","74.103","","0.07%"
"08/11/2021","74.263","74.419","74.501","74.201","","-0.23%"
"08/10/2021","74.435","74.456","74.509","74.337","","-0.07%"
"08/09/2021","74.488","74.243","74.488","74.203","","0.33%"
"08/06/2021","74.242","74.082","74.242","74.041","","0.19%"
"08/05/2021","74.100","74.172","74.290","74.087","","-0.10%"
"08/04/2021","74.175","74.242","74.279","74.105","","-0.10%"
"08/03/2021","74.251","74.317","74.368","74.204","","-0.14%"
"08/02/2021","74.356","74.342","74.432","74.316","","0.02%"
"07/30/2021","74.344","74.256","74.454","74.249","","0.13%"
"07/29/2021","74.248","74.383","74.432","74.219","","-0.34%"
"07/28/2021","74.500","74.526","74.534","74.310","","-0.01%"
"07/27/2021","74.504","74.279","74.546","74.279","","0.22%"
"07/26/2021","74.340","74.442","74.534","74.338","","-0.12%"
"07/23/2021","74.427","74.457","74.575","74.374","","-0.04%"
"07/22/2021","74.455","74.441","74.525","74.306","","-0.05%"
"07/21/2021","74.495","74.525","74.642","74.493","","-0.05%"
"07/20/2021","74.535","74.944","74.973","74.535","","-0.43%"
"07/19/2021","74.858","74.681","75.032","74.681","","0.33%"
"07/16/2021","74.610","74.532","74.669","74.491","","0.08%"
"07/15/2021","74.550","74.462","74.576","74.436","","0.11%"
"07/14/2021","74.470","74.654","74.660","74.461","","-0.17%"
"07/13/2021","74.600","74.519","74.679","74.406","","0.07%"
"07/12/2021","74.545","74.537","74.685","74.415","","0.08%"
"07/09/2021","74.487","74.762","74.768","74.468","","-0.34%"
"07/08/2021","74.740","74.744","74.875","74.660","","-0.08%"
"07/07/2021","74.800","74.762","74.820","74.560","","0.28%"
"07/06/2021","74.591","74.335","74.629","74.243","","0.37%"
"07/05/2021","74.317","74.553","74.582","74.284","","-0.27%"
"07/02/2021","74.518","74.558","74.887","74.502","","-0.06%"
"07/01/2021","74.565","74.364","74.639","74.330","","0.27%"
"06/30/2021","74.365","74.218","74.474","74.205","","0.09%"
"06/29/2021","74.300","74.277","74.352","74.205","","0.03%"
"06/28/2021","74.275","74.159","74.316","74.159","","0.07%"
"06/25/2021","74.220","74.172","74.258","74.116","","0.04%"
"06/24/2021","74.190","74.225","74.278","74.110","","0.05%"
"06/23/2021","74.150","74.350","74.406","74.056","","-0.26%"
"06/22/2021","74.340","74.120","74.418","74.051","","0.27%"
"06/21/2021","74.140","74.102","74.336","74.058","","0.03%"
"06/18/2021","74.120","74.208","74.301","73.818","","-0.09%"
"06/17/2021","74.186","73.593","74.263","73.588","","1.24%"
"06/16/2021","73.275","73.345","73.394","73.260","","-0.12%"
"06/15/2021","73.360","73.208","73.383","73.159","","0.24%"
"06/14/2021","73.185","73.257","73.296","73.102","","-0.08%"
"06/11/2021","73.245","73.005","73.262","72.883","","0.23%"
"06/10/2021","73.080","72.948","73.135","72.932","","0.13%"
"06/09/2021","72.985","72.920","73.020","72.884","","0.04%"
"06/08/2021","72.955","72.783","72.975","72.765","","0.20%"
"06/07/2021","72.811","72.918","72.952","72.763","","-0.08%"
"06/04/2021","72.870","73.040","73.129","72.812","","-0.24%"
"06/03/2021","73.045","73.016","73.185","72.833","","0.12%"
"06/02/2021","72.960","72.860","73.333","72.860","","0.13%"
"06/01/2021","72.865","72.484","72.958","72.475","","0.48%"
"05/31/2021","72.518","72.377","72.662","72.347","","0.15%"
"05/28/2021","72.410","72.692","72.692","72.320","","-0.41%"
"05/27/2021","72.710","72.684","72.798","72.508","","-0.02%"
"05/26/2021","72.725","72.805","72.805","72.630","","-0.10%"
"05/25/2021","72.795","72.870","72.880","72.745","","-0.05%"
"05/24/2021","72.835","72.861","72.983","72.825","","0.01%"
"05/21/2021","72.827","73.007","73.095","72.760","","-0.26%"
"05/20/2021","73.015","73.157","73.227","73.015","","-0.28%"
"05/19/2021","73.220","73.130","73.250","72.938","","0.23%"
"05/18/2021","73.055","73.222","73.270","72.956","","-0.38%"
"05/17/2021","73.335","73.281","73.335","73.151","","0.05%"
"05/14/2021","73.300","73.450","73.486","73.189","","-0.24%"
"05/13/2021","73.480","73.611","73.662","73.470","","-0.08%"
"05/12/2021","73.538","73.379","73.541","73.371","","0.22%"
"05/11/2021","73.375","73.503","73.540","73.280","","-0.12%"
"05/10/2021","73.460","73.283","73.497","73.267","","0.28%"
"05/07/2021","73.254","73.619","73.757","73.248","","-0.48%"
"05/06/2021","73.605","73.788","74.007","73.595","","-0.28%"
"05/05/2021","73.810","73.769","74.055","73.741","","0.05%"
"05/04/2021","73.770","73.849","73.982","73.770","","-0.07%"
"05/03/2021","73.820","74.260","74.335","73.820","","-0.32%"
"04/30/2021","74.055","74.131","74.208","73.945","","-0.06%"
"04/29/2021","74.100","74.210","74.295","73.957","","-0.53%"
"04/28/2021","74.493","74.600","74.605","74.279","","-0.13%"
"04/27/2021","74.590","74.798","74.843","74.513","","-0.22%"
"04/26/2021","74.757","74.749","74.941","74.689","","-0.23%"
"04/23/2021","74.930","75.131","75.134","74.760","","-0.25%"
"04/22/2021","75.120","75.422","75.438","74.850","","-0.42%"
"04/21/2021","75.439","75.371","75.579","75.293","","0.06%"
"04/20/2021","75.395","74.674","75.458","74.520","","0.71%"
"04/19/2021","74.860","74.556","75.060","74.548","","0.43%"
"04/16/2021","74.540","74.715","74.862","74.292","","-0.25%"
"04/15/2021","74.730","75.062","75.358","74.730","","-0.44%"
"04/14/2021","75.060","75.185","75.259","75.059","","-0.28%"
"04/13/2021","75.270","75.010","75.547","74.961","","0.37%"
"04/12/2021","74.990","74.968","75.202","74.741","","0.34%"
"04/09/2021","74.734","74.566","74.987","74.538","","0.21%"
"04/08/2021","74.577","74.435","74.899","74.186","","0.28%"
"04/07/2021","74.368","73.454","74.592","73.437","","1.19%"
"04/06/2021","73.490","73.262","73.499","73.209","","0.23%"
"04/05/2021","73.319","73.336","73.482","73.292","","-0.09%"
"04/02/2021","73.385","73.286","73.405","73.268","","0.07%"
"04/01/2021","73.332","73.175","73.459","73.162","","0.25%"
"03/31/2021","73.148","73.418","73.627","73.056","","-0.40%"
"03/30/2021","73.445","72.719","73.628","72.719","","0.95%"
"03/29/2021","72.755","72.531","72.764","72.480","","0.19%"
"03/26/2021","72.615","72.638","72.661","72.357","","-0.07%"
"03/25/2021","72.665","72.585","72.715","72.552","","0.10%"
"03/24/2021","72.595","72.565","72.728","72.502","","0.06%"
"03/23/2021","72.555","72.371","72.555","72.268","","0.24%"
"03/22/2021","72.380","72.450","72.536","72.312","","-0.05%"
"03/19/2021","72.413","72.661","72.715","72.413","","-0.39%"
"03/18/2021","72.700","72.342","72.729","72.324","","0.18%"
"03/17/2021","72.570","72.548","72.632","72.510","","0.08%"
"03/16/2021","72.515","72.515","72.642","72.368","","-0.03%"
"03/15/2021","72.535","72.661","72.789","72.380","","-0.21%"
"03/12/2021","72.690","72.664","72.876","72.630","","-0.01%"
"03/11/2021","72.700","72.757","72.802","72.580","","-0.04%"
"03/10/2021","72.730","72.811","73.107","72.728","","-0.06%"
"03/09/2021","72.776","73.329","73.394","72.776","","-0.80%"
"03/08/2021","73.360","73.205","73.409","72.933","","0.23%"
"03/05/2021","73.190","73.071","73.217","72.745","","0.62%"
"03/04/2021","72.739","72.886","73.113","72.599","","-0.28%"
"03/03/2021","72.940","73.241","73.290","72.692","","-0.44%"
"03/02/2021","73.260","73.388","73.513","73.260","","-0.20%"
"03/01/2021","73.405","73.592","73.789","73.174","","-0.72%"
"02/26/2021","73.937","72.963","74.072","72.949","","1.64%"
"02/25/2021","72.745","72.391","72.767","72.289","","0.49%"
"02/24/2021","72.390","72.390","72.475","72.268","","0.01%"
"02/23/2021","72.382","72.465","72.561","72.304","","-0.09%"
"02/22/2021","72.450","72.556","72.598","72.290","","-0.15%"
"02/19/2021","72.560","72.593","72.732","72.417","","-0.03%"
"02/18/2021","72.585","72.840","72.840","72.535","","-0.34%"
"02/17/2021","72.835","72.910","72.981","72.740","","-0.05%"
"02/16/2021","72.870","72.610","72.919","72.601","","0.34%"
"02/15/2021","72.624","72.603","72.696","72.513","","0.04%"
"02/12/2021","72.595","72.719","72.840","72.565","","-0.16%"
"02/11/2021","72.710","72.796","72.900","72.673","","-0.12%"
"02/10/2021","72.795","72.855","72.898","72.765","","-0.08%"
"02/09/2021","72.856","72.922","72.951","72.822","","-0.11%"
"02/08/2021","72.935","72.805","73.004","72.761","","0.16%"
"02/05/2021","72.815","72.989","73.034","72.770","","-0.19%"
"02/04/2021","72.955","72.826","72.997","72.826","","0.19%"
"02/03/2021","72.815","72.953","73.012","72.805","","-0.14%"
"02/02/2021","72.917","73.038","73.116","72.907","","-0.28%"
"02/01/2021","73.120","72.908","73.200","72.815","","0.29%"
"01/29/2021","72.906","72.935","73.060","72.829","","-0.05%"
"01/28/2021","72.944","73.033","73.193","72.889","","-0.17%"
"01/27/2021","73.070","72.904","73.092","72.790","","0.21%"
"01/26/2021","72.915","72.943","73.138","72.838","","-0.08%"
"01/25/2021","72.970","72.958","73.016","72.877","","-0.02%"
"01/22/2021","72.985","72.955","73.105","72.915","","0.02%"
"01/21/2021","72.970","72.924","73.056","72.900","","0.08%"
"01/20/2021","72.915","73.195","73.195","72.883","","-0.38%"
"01/19/2021","73.192","73.162","73.306","73.104","","0.01%"
"01/18/2021","73.188","73.128","73.327","73.128","","0.08%"
"01/15/2021","73.130","73.097","73.213","72.995","","0.07%"
"01/14/2021","73.080","73.143","73.240","72.922","","-0.12%"
"01/13/2021","73.170","73.175","73.238","73.065","","-0.08%"
"01/12/2021","73.225","73.497","73.497","73.195","","-0.34%"
"01/11/2021","73.474","73.439","73.600","73.367","","0.18%"
"01/08/2021","73.340","73.440","73.495","73.204","","-0.12%"
"01/07/2021","73.430","73.169","73.475","73.065","","0.40%"
"01/06/2021","73.136","73.184","73.234","73.055","","0.01%"
"01/05/2021","73.130","73.065","73.291","72.987","","0.07%"
"01/04/2021","73.080","73.089","73.125","72.827","","-0.06%"
"01/01/2021","73.125","73.100","73.130","73.025","","0.10%"
"12/31/2020","73.054","73.208","73.232","72.955","","-0.12%"
"12/30/2020","73.144","73.358","73.413","73.135","","-0.36%"
"12/29/2020","73.405","73.555","73.555","73.310","","-0.19%"
"12/28/2020","73.548","73.558","73.609","73.454","","-0.01%"
"12/25/2020","73.558","73.558","73.558","73.558","","0.00%"
"12/24/2020","73.555","73.805","73.845","73.517","","-0.30%"
"12/23/2020","73.780","73.910","73.910","73.660","","-0.10%"
"12/22/2020","73.854","73.938","73.948","73.802","","-0.24%"
"12/21/2020","74.028","73.575","74.105","73.575","","0.62%"
"12/18/2020","73.575","73.525","73.582","73.475","","0.07%"
"12/17/2020","73.525","73.585","73.627","73.367","","-0.16%"
"12/16/2020","73.640","73.527","73.660","73.457","","0.11%"
"12/15/2020","73.558","73.666","73.674","73.537","","-0.11%"
"12/14/2020","73.640","73.746","73.746","73.450","","-0.13%"
"12/11/2020","73.738","73.712","73.809","73.526","","-0.01%"
"12/10/2020","73.745","73.725","73.777","73.625","","0.02%"
"12/09/2020","73.730","73.697","73.730","73.520","","0.01%"
"12/08/2020","73.725","73.813","73.841","73.505","","-0.07%"
"12/07/2020","73.779","73.821","73.993","73.698","","0.00%"
"12/04/2020","73.776","73.878","73.878","73.661","","-0.13%"
"12/03/2020","73.870","73.685","73.982","73.670","","0.14%"
"12/02/2020","73.770","73.490","73.840","73.402","","0.37%"
"12/01/2020","73.500","74.023","74.023","73.458","","-0.68%"
"11/30/2020","74.000","73.943","74.020","73.870","","0.09%"
"11/27/2020","73.935","73.834","74.113","73.724","","0.13%"
"11/26/2020","73.837","73.776","73.906","73.714","","0.07%"
"11/25/2020","73.789","73.965","74.020","73.743","","-0.39%"
"11/24/2020","74.079","74.244","74.244","73.861","","-0.24%"
"11/23/2020","74.260","74.128","74.279","74.005","","0.19%"
"11/20/2020","74.120","74.150","74.213","74.062","","0.01%"
"11/19/2020","74.110","74.300","74.348","74.096","","-0.01%"
"11/18/2020","74.120","74.470","74.530","74.066","","-0.48%"
"11/17/2020","74.480","74.340","74.640","74.340","","0.13%"
"11/16/2020","74.380","74.598","74.598","74.380","","-0.27%"
"11/13/2020","74.582","74.656","74.724","74.472","","-0.14%"
"11/12/2020","74.685","74.415","74.754","74.350","","0.30%"
"11/11/2020","74.462","74.172","74.543","74.172","","0.23%"
"11/10/2020","74.290","73.940","74.483","73.930","","0.34%"
"11/09/2020","74.035","73.979","74.175","73.634","","0.08%"
"11/06/2020","73.976","74.012","74.270","73.842","","0.07%"
"11/05/2020","73.925","74.310","74.420","73.925","","-0.60%"
"11/04/2020","74.368","74.586","74.998","74.325","","-0.34%"
"11/03/2020","74.625","74.427","74.631","74.254","","0.15%"
"11/02/2020","74.510","74.575","74.575","74.265","","-0.08%"
"10/30/2020","74.567","74.308","74.716","74.243","","0.25%"
"10/29/2020","74.380","74.227","74.533","73.937","","0.26%"
"10/28/2020","74.190","73.729","74.279","73.647","","0.77%"
"10/27/2020","73.624","73.929","74.000","73.595","","-0.47%"
"10/26/2020","73.970","73.850","74.123","73.697","","0.17%"
"10/23/2020","73.842","73.653","73.899","73.476","","0.23%"
"10/22/2020","73.670","73.660","73.807","73.520","","0.10%"
"10/21/2020","73.600","73.435","73.771","73.357","","0.20%"
"10/20/2020","73.450","73.325","73.564","73.290","","0.12%"
"10/19/2020","73.360","73.452","73.452","73.281","","-0.11%"
"10/16/2020","73.444","73.384","73.444","73.249","","0.01%"
"10/15/2020","73.435","73.305","73.533","73.209","","0.25%"
"10/14/2020","73.255","73.405","73.475","73.189","","-0.21%"
"10/13/2020","73.410","73.359","73.483","73.247","","0.06%"
"10/12/2020","73.364","73.014","73.419","73.014","","0.47%"
"10/09/2020","73.020","73.150","73.265","72.966","","-0.38%"
"10/08/2020","73.300","73.330","73.376","73.179","","-0.05%"
"10/07/2020","73.335","73.485","73.610","73.245","","-0.14%"
"10/06/2020","73.441","73.097","73.522","73.097","","0.44%"
"10/05/2020","73.117","73.300","73.486","73.067","","-0.24%"
"10/02/2020","73.295","73.242","73.453","73.242","","0.11%"
"10/01/2020","73.218","73.614","73.630","73.023","","-0.48%"
"09/30/2020","73.570","73.822","73.870","73.531","","-0.26%"
"09/29/2020","73.760","73.790","73.920","73.717","","-0.01%"
"09/28/2020","73.765","73.698","73.865","73.540","","0.11%"
"09/25/2020","73.685","73.735","73.785","73.571","","-0.30%"
"09/24/2020","73.910","73.840","74.057","73.770","","0.45%"
"09/23/2020","73.580","73.511","73.640","73.424","","0.08%"
"09/22/2020","73.520","73.580","73.650","73.390","","-0.08%"
"09/21/2020","73.580","73.543","73.640","73.265","","0.05%"
"09/18/2020","73.540","73.471","73.607","73.143","","-0.10%"
"09/17/2020","73.610","73.705","73.790","73.590","","0.09%"
"09/16/2020","73.545","73.585","73.788","73.475","","-0.09%"
"09/15/2020","73.610","73.400","73.740","73.310","","0.31%"
"09/14/2020","73.385","73.493","73.615","73.275","","-0.07%"
"09/11/2020","73.440","73.530","73.620","73.410","","0.00%"
"09/10/2020","73.440","73.453","73.508","73.160","","0.18%"
"09/09/2020","73.310","73.795","73.825","73.310","","-0.60%"
"09/08/2020","73.750","73.630","73.976","73.390","","0.41%"
"09/07/2020","73.447","73.292","73.490","73.028","","0.21%"
"09/04/2020","73.291","73.462","73.492","72.996","","-0.14%"
"09/03/2020","73.391","73.202","73.554","73.151","","0.17%"
"09/02/2020","73.269","73.137","73.302","72.892","","0.36%"
"09/01/2020","73.004","73.212","73.221","72.751","","-0.35%"
"08/31/2020","73.257","73.115","73.703","73.043","","0.19%"
"08/28/2020","73.115","73.816","73.876","73.115","","-1.07%"
"08/27/2020","73.904","74.290","74.375","73.780","","-0.43%"
"08/26/2020","74.222","74.205","74.463","74.183","","0.00%"
"08/25/2020","74.223","74.112","74.535","74.082","","0.07%"
"08/24/2020","74.169","74.922","74.922","73.949","","-1.01%"
"08/21/2020","74.922","74.962","74.992","74.816","","-0.12%"
"08/20/2020","75.013","74.966","75.131","74.931","","0.22%"
"08/19/2020","74.847","74.642","74.931","74.612","","0.36%"
"08/18/2020","74.575","74.735","74.888","74.575","","-0.23%"
"08/17/2020","74.744","74.875","74.911","74.715","","-0.21%"
"08/14/2020","74.903","74.899","74.994","74.754","","0.12%"
"08/13/2020","74.812","74.751","74.931","74.751","","0.02%"
"08/12/2020","74.795","74.605","74.935","74.605","","0.23%"
"08/11/2020","74.620","74.840","74.875","74.531","","-0.34%"
"08/10/2020","74.875","75.028","75.028","74.860","","-0.20%"
"08/07/2020","75.025","75.078","75.111","74.897","","0.17%"
"08/06/2020","74.900","74.860","75.014","74.785","","0.14%"
"08/05/2020","74.798","74.971","75.012","74.747","","-0.35%"
"08/04/2020","75.061","75.161","75.202","74.955","","-0.16%"
"08/03/2020","75.185","74.921","75.312","74.845","","0.36%"
"07/31/2020","74.918","74.747","74.921","74.682","","0.06%"
"07/30/2020","74.876","74.811","74.954","74.786","","-0.10%"
"07/29/2020","74.948","74.885","74.949","74.690","","0.05%"
"07/28/2020","74.909","74.762","74.939","74.707","","0.15%"
"07/27/2020","74.800","74.768","74.910","74.670","","0.05%"
"07/24/2020","74.760","74.900","74.990","74.694","","-0.07%"
"07/23/2020","74.815","74.605","74.964","74.595","","0.27%"
"07/22/2020","74.610","74.535","74.875","74.510","","0.09%"
"07/21/2020","74.540","74.710","74.880","74.520","","-0.28%"
"07/20/2020","74.750","74.906","75.035","74.740","","-0.20%"
"07/17/2020","74.898","75.194","75.258","74.898","","-0.38%"
"07/16/2020","75.180","75.110","75.300","75.110","","0.07%"
"07/15/2020","75.125","75.305","75.366","75.044","","-0.37%"
"07/14/2020","75.406","75.279","75.558","75.279","","0.26%"
"07/13/2020","75.212","75.218","75.248","75.105","","0.02%"
"07/10/2020","75.195","75.165","75.333","75.144","","0.05%"
"07/09/2020","75.155","74.924","75.155","74.909","","0.28%"
"07/08/2020","74.945","74.838","75.073","74.820","","0.18%"
"07/07/2020","74.810","74.645","74.979","74.635","","0.23%"
"07/06/2020","74.635","74.639","74.830","74.485","","0.00%"
"07/03/2020","74.636","74.597","75.027","74.567","","-0.15%"
"07/02/2020","74.750","75.460","75.540","74.646","","-0.98%"
"07/01/2020","75.490","75.510","75.629","75.466","","-0.07%"
"06/30/2020","75.545","75.523","75.628","75.425","","0.05%"
"06/29/2020","75.510","75.628","75.660","75.458","","-0.15%"
"06/26/2020","75.620","75.580","75.688","75.435","","0.04%"
"06/25/2020","75.587","75.717","75.782","75.503","","-0.10%"
"06/24/2020","75.665","75.486","75.780","75.486","","0.21%"
"06/23/2020","75.503","75.802","75.916","75.455","","-0.38%"
"06/22/2020","75.790","76.268","76.303","75.723","","-0.62%"
"06/19/2020","76.260","76.349","76.373","76.093","","-0.18%"
"06/18/2020","76.400","76.263","76.400","76.046","","0.14%"
"06/17/2020","76.290","76.268","76.370","76.082","","0.05%"
"06/16/2020","76.250","75.865","76.311","75.780","","0.36%"
"06/15/2020","75.979","76.073","76.190","75.936","","-0.09%"
"06/12/2020","76.050","75.992","76.260","75.772","","0.10%"
"06/11/2020","75.971","75.672","75.971","75.579","","0.44%"
"06/10/2020","75.635","75.532","75.676","75.419","","0.17%"
"06/09/2020","75.505","75.458","75.702","75.423","","0.14%"
"06/08/2020","75.400","75.578","75.685","75.400","","-0.21%"
"06/05/2020","75.560","75.432","75.725","75.325","","0.13%"
"06/04/2020","75.459","75.373","75.660","75.355","","0.18%"
"06/03/2020","75.325","75.063","75.555","75.020","","0.30%"
"06/02/2020","75.100","75.553","75.628","74.970","","-0.54%"
"06/01/2020","75.505","75.473","75.773","75.275","","-0.13%"
"05/29/2020","75.605","75.705","75.755","75.448","","-0.07%"
"05/28/2020","75.660","75.812","75.910","75.632","","-0.34%"
"05/27/2020","75.920","75.565","75.988","75.538","","0.61%"
"05/26/2020","75.459","75.868","75.880","75.412","","-0.56%"
"05/25/2020","75.887","75.951","76.110","75.855","","-0.08%"
"05/22/2020","75.950","75.663","76.018","75.633","","0.44%"
"05/21/2020","75.620","75.540","75.833","75.386","","0.09%"
"05/20/2020","75.555","75.705","75.865","75.453","","-0.12%"
"05/19/2020","75.645","75.605","75.795","75.552","","-0.07%"
"05/18/2020","75.700","75.838","76.070","75.639","","-0.17%"
"05/15/2020","75.830","75.521","75.950","75.416","","0.44%"
"05/14/2020","75.495","75.454","75.712","75.335","","0.17%"
"05/13/2020","75.365","75.278","75.510","75.045","","0.40%"
"05/12/2020","75.062","75.971","75.993","75.049","","-1.09%"
"05/11/2020","75.888","75.561","75.948","75.476","","0.47%"
"05/08/2020","75.535","75.611","75.665","75.285","","-0.34%"
"05/07/2020","75.794","76.099","76.152","75.780","","-0.41%"
"05/06/2020","76.105","75.828","76.111","75.653","","0.52%"
"05/05/2020","75.710","75.650","75.870","75.489","","0.09%"
"05/04/2020","75.640","75.758","75.820","75.581","","-0.14%"
"05/01/2020","75.749","75.320","75.805","75.294","","0.89%"
"04/30/2020","75.080","75.405","75.430","74.910","","-0.50%"
"04/29/2020","75.455","76.063","76.110","75.455","","-0.80%"
"04/28/2020","76.065","76.127","76.450","75.815","","-0.22%"
"04/27/2020","76.229","76.270","76.347","76.019","","-0.05%"
"04/24/2020","76.270","75.825","76.488","75.825","","0.49%"
"04/23/2020","75.895","76.468","76.468","75.826","","-0.67%"
"04/22/2020","76.410","76.938","77.018","76.410","","-0.73%"
"04/21/2020","76.975","76.585","77.006","76.585","","0.52%"
"04/20/2020","76.575","76.553","76.680","76.283","","0.03%"
"04/17/2020","76.550","76.829","76.829","76.238","","-0.33%"
"04/16/2020","76.805","76.638","76.927","76.563","","0.31%"
"04/15/2020","76.564","76.038","76.654","75.936","","0.72%"
"04/14/2020","76.015","76.321","76.376","76.015","","-0.31%"
"04/13/2020","76.249","75.881","76.449","75.881","","0.49%"
"04/10/2020","75.879","75.903","75.937","75.849","","-0.55%"
"04/09/2020","76.300","76.103","76.555","76.019","","0.47%"
"04/08/2020","75.945","75.638","76.405","75.638","","0.40%"
"04/07/2020","75.645","75.988","76.008","75.543","","-0.43%"
"04/06/2020","75.975","76.253","76.268","75.902","","-0.35%"
"04/03/2020","76.240","75.954","76.304","75.764","","-0.21%"
"04/02/2020","76.400","76.387","76.431","76.346","","-0.01%"
"04/01/2020","76.404","75.315","76.422","75.315","","1.41%"
"03/31/2020","75.343","75.530","75.685","75.280","","-0.09%"
"03/30/2020","75.410","75.140","75.670","75.093","","-0.08%"
"03/27/2020","75.472","74.603","75.528","74.353","","0.78%"
"03/26/2020","74.889","75.864","75.954","74.889","","-1.95%"
"03/25/2020","76.375","76.375","76.375","76.375","","-0.01%"
"03/24/2020","76.379","76.079","76.386","75.950","","0.06%"
"03/23/2020","76.335","75.380","76.335","75.380","","1.24%"
"03/20/2020","75.399","74.804","75.399","74.704","","0.82%"
"03/19/2020","74.786","74.855","75.311","74.667","","0.32%"
"03/18/2020","74.550","73.974","74.550","73.924","","0.66%"
"03/17/2020","74.062","74.072","74.315","73.858","","0.08%"
"03/16/2020","74.003","74.006","74.359","73.999","","0.22%"
"03/13/2020","73.840","74.561","74.561","73.732","","-0.99%"
"03/12/2020","74.576","74.134","74.579","74.074","","1.21%"
"03/11/2020","73.682","73.792","74.015","73.532","","-0.63%"
"03/10/2020","74.150","74.248","74.248","74.150","","-0.06%"
"03/09/2020","74.196","73.975","74.254","73.850","","0.26%"
"03/06/2020","74.004","73.873","74.073","73.529","","0.68%"
"03/05/2020","73.506","73.518","73.565","73.044","","-0.05%"
"03/04/2020","73.540","73.060","73.640","72.910","","0.67%"
"03/03/2020","73.050","72.480","73.397","72.440","","0.23%"
"03/02/2020","72.882","72.520","72.954","72.028","","0.47%"
"02/28/2020","72.539","71.755","72.574","71.755","","1.23%"
"02/27/2020","71.655","71.645","71.704","71.545","","0.10%"
"02/26/2020","71.580","71.833","71.873","71.532","","-0.33%"
"02/25/2020","71.820","71.870","71.920","71.611","","-0.16%"
"02/24/2020","71.935","71.915","72.015","71.775","","0.08%"
"02/21/2020","71.880","71.665","72.056","71.665","","0.28%"
"02/20/2020","71.680","71.735","71.820","71.530","","0.11%"
"02/19/2020","71.600","71.573","71.600","71.452","","0.02%"
"02/18/2020","71.585","71.415","71.611","71.375","","0.34%"
"02/17/2020","71.340","71.430","71.507","71.260","","-0.26%"
"02/14/2020","71.529","71.294","71.597","71.272","","0.28%"
"02/13/2020","71.330","71.360","71.511","71.254","","0.03%"
"02/12/2020","71.306","71.211","71.391","71.211","","0.03%"
"02/11/2020","71.285","71.235","71.330","71.179","","-0.01%"
"02/10/2020","71.290","71.400","71.457","71.285","","-0.31%"
"02/07/2020","71.515","71.260","71.538","71.213","","0.41%"
"02/06/2020","71.225","71.181","71.300","71.107","","0.05%"
"02/05/2020","71.190","71.110","71.300","71.110","","0.11%"
"02/04/2020","71.115","71.215","71.298","71.090","","-0.29%"
"02/03/2020","71.324","71.523","71.653","71.268","","-0.32%"
"01/31/2020","71.555","71.575","71.578","71.294","","0.01%"
"01/30/2020","71.550","71.420","71.660","71.390","","0.34%"
"01/29/2020","71.310","71.240","71.411","71.165","","0.15%"
"01/28/2020","71.200","71.432","71.432","71.200","","-0.35%"
"01/27/2020","71.450","71.475","71.520","71.373","","0.17%"
"01/24/2020","71.330","71.340","71.371","71.220","","-0.10%"
"01/23/2020","71.400","71.190","71.465","71.169","","0.45%"
"01/22/2020","71.080","71.180","71.265","71.076","","-0.13%"
"01/21/2020","71.170","71.190","71.250","71.121","","0.18%"
"01/20/2020","71.040","71.070","71.160","71.010","","-0.05%"
"01/17/2020","71.079","70.953","71.099","70.933","","0.14%"
"01/16/2020","70.978","70.775","71.007","70.775","","0.36%"
"01/15/2020","70.720","71.000","71.023","70.682","","-0.18%"
"01/14/2020","70.850","70.720","70.975","70.720","","0.20%"
"01/13/2020","70.710","70.805","70.945","70.710","","-0.35%"
"01/10/2020","70.960","71.240","71.260","70.848","","-0.35%"
"01/09/2020","71.210","71.510","71.544","71.134","","-0.42%"
"01/08/2020","71.510","71.954","72.114","71.466","","-0.47%"
"01/07/2020","71.845","71.765","71.923","71.670","","-0.03%"
"01/06/2020","71.867","72.011","72.123","71.834","","0.14%"
"01/03/2020","71.770","71.610","71.844","71.520","","0.59%"
"01/02/2020","71.350","71.235","71.408","71.235","","0.17%"
"01/01/2020","71.227","71.365","71.377","71.225","","-0.18%"
"12/31/2019","71.355","71.275","71.385","71.225","","0.05%"
"12/30/2019","71.320","71.340","71.427","71.290","","-0.19%"
"12/27/2019","71.455","71.305","71.505","71.185","","0.22%"
"12/26/2019","71.300","71.260","71.352","71.230","","0.03%"
"12/25/2019","71.280","71.280","71.280","71.280","","0.00%"
"12/24/2019","71.280","71.210","71.317","71.153","","0.08%"
"12/23/2019","71.220","71.113","71.300","71.110","","0.23%"
"12/20/2019","71.060","71.130","71.256","71.045","","-0.17%"
"12/19/2019","71.180","70.993","71.214","70.880","","0.25%"
"12/18/2019","71.000","71.010","71.125","70.924","","-0.05%"
"12/17/2019","71.035","70.955","71.065","70.832","","0.17%"
"12/16/2019","70.915","70.755","71.050","70.755","","0.17%"
"12/13/2019","70.798","70.553","70.883","70.503","","0.32%"
"12/12/2019","70.570","70.670","70.910","70.531","","-0.20%"
"12/11/2019","70.710","70.823","70.942","70.710","","-0.14%"
"12/10/2019","70.810","70.962","71.042","70.808","","-0.23%"
"12/09/2019","70.970","71.300","71.300","70.970","","-0.44%"
"12/06/2019","71.283","71.245","71.446","71.174","","0.04%"
"12/05/2019","71.252","71.505","71.678","71.180","","-0.31%"
"12/04/2019","71.474","71.803","71.823","71.452","","-0.37%"
"12/03/2019","71.740","71.630","71.816","71.532","","0.15%"
"12/02/2019","71.634","71.795","71.825","71.603","","-0.16%"
"11/29/2019","71.749","71.613","71.872","71.603","","0.34%"
"11/28/2019","71.505","71.245","71.665","71.235","","0.34%"
"11/27/2019","71.260","71.450","71.493","71.233","","-0.31%"
"11/26/2019","71.480","71.684","71.690","71.480","","-0.29%"
"11/25/2019","71.689","71.695","71.763","71.610","","-0.14%"
"11/22/2019","71.792","71.756","71.876","71.662","","0.06%"
"11/21/2019","71.750","71.790","71.905","71.717","","0.01%"
"11/20/2019","71.746","71.833","71.916","71.643","","-0.12%"
"11/19/2019","71.830","71.920","72.015","71.605","","-0.16%"
"11/18/2019","71.945","71.665","71.945","71.565","","0.41%"
"11/15/2019","71.650","71.800","71.878","71.594","","-0.44%"
"11/14/2019","71.966","72.082","72.252","71.857","","-0.26%"
"11/13/2019","72.150","71.760","72.150","71.657","","0.50%"
"11/12/2019","71.790","71.582","71.790","71.544","","0.31%"
"11/11/2019","71.570","71.370","71.610","71.290","","0.29%"
"11/08/2019","71.360","71.280","71.364","71.165","","0.44%"
"11/07/2019","71.047","71.018","71.118","70.886","","0.05%"
"11/06/2019","71.010","70.769","71.036","70.769","","0.33%"
"11/05/2019","70.775","70.804","70.855","70.625","","-0.02%"
"11/04/2019","70.789","70.552","70.802","70.552","","0.04%"
"11/01/2019","70.760","70.972","70.989","70.760","","-0.31%"
"10/31/2019","70.980","70.762","71.065","70.724","","0.04%"
"10/30/2019","70.952","70.871","71.026","70.839","","0.09%"
"10/29/2019","70.890","70.750","70.920","70.690","","0.20%"
"10/28/2019","70.745","70.822","70.842","70.684","","-0.11%"
"10/25/2019","70.820","71.045","71.073","70.782","","-0.20%"
"10/24/2019","70.965","70.715","71.085","70.715","","0.34%"
"10/23/2019","70.725","71.005","71.033","70.725","","-0.12%"
"10/22/2019","70.810","70.911","71.006","70.810","","-0.16%"
"10/21/2019","70.925","71.075","71.075","70.778","","-0.23%"
"10/18/2019","71.090","71.200","71.320","71.040","","-0.06%"
"10/17/2019","71.130","71.362","71.475","71.096","","-0.33%"
"10/16/2019","71.364","71.562","71.732","71.348","","-0.19%"
"10/15/2019","71.500","71.248","71.605","71.220","","0.37%"
"10/14/2019","71.237","70.893","71.250","70.740","","0.44%"
"10/11/2019","70.924","70.816","71.091","70.799","","-0.09%"
"10/10/2019","70.990","70.960","71.165","70.960","","-0.18%"
"10/09/2019","71.120","71.180","71.230","70.945","","-0.14%"
"10/08/2019","71.220","70.996","71.233","70.933","","0.35%"
"10/07/2019","70.975","70.959","71.105","70.913","","0.21%"
"10/04/2019","70.825","70.810","71.040","70.765","","-0.29%"
"10/03/2019","71.030","71.210","71.370","70.865","","-0.17%"
"10/02/2019","71.150","71.117","71.368","71.100","","0.06%"
"10/01/2019","71.110","70.655","71.170","70.655","","0.66%"
"09/30/2019","70.645","70.425","70.885","70.358","","0.19%"
"09/27/2019","70.509","70.951","70.980","70.364","","-0.64%"
"09/26/2019","70.964","71.035","71.036","70.837","","-0.03%"
"09/25/2019","70.988","70.976","71.154","70.947","","0.02%"
"09/24/2019","70.971","70.796","71.066","70.736","","0.24%"
"09/23/2019","70.799","71.023","71.053","70.779","","-0.39%"
"09/20/2019","71.075","71.205","71.205","70.685","","-0.42%"
"09/19/2019","71.375","71.345","71.385","71.050","","0.32%"
"09/18/2019","71.145","71.515","71.530","71.145","","-0.48%"
"09/17/2019","71.490","71.827","71.989","71.366","","-0.13%"
"09/16/2019","71.580","71.690","71.690","71.410","","0.84%"
"09/13/2019","70.985","70.972","71.160","70.847","","0.03%"
"09/12/2019","70.967","71.588","71.588","70.917","","-0.85%"
"09/11/2019","71.577","71.877","71.898","71.514","","-0.41%"
"09/10/2019","71.875","71.755","72.002","71.739","","0.14%"
"09/09/2019","71.778","71.728","71.788","71.504","","0.19%"
"09/06/2019","71.645","71.887","71.928","71.605","","-0.39%"
"09/05/2019","71.928","71.986","72.011","71.797","","-0.08%"
"09/04/2019","71.989","72.200","72.315","71.944","","-0.25%"
"09/03/2019","72.170","71.960","72.413","71.960","","0.28%"
"09/02/2019","71.969","71.467","72.003","71.467","","0.72%"
"08/30/2019","71.453","71.772","71.817","71.357","","-0.33%"
"08/29/2019","71.690","71.913","72.100","71.624","","-0.19%"
"08/28/2019","71.829","71.564","71.904","71.492","","0.40%"
"08/27/2019","71.543","72.030","72.030","71.383","","-0.67%"
"08/26/2019","72.025","71.920","72.260","71.863","","0.72%"
"08/23/2019","71.513","71.960","72.061","71.513","","-0.58%"
"08/22/2019","71.930","71.600","72.004","71.600","","0.69%"
"08/21/2019","71.440","71.562","71.623","71.353","","-0.15%"
"08/20/2019","71.549","71.523","71.827","71.523","","0.14%"
"08/19/2019","71.451","71.213","71.500","71.063","","0.42%"
"08/16/2019","71.155","71.365","71.492","71.045","","-0.91%"
"08/15/2019","71.810","71.507","71.829","71.309","","0.75%"
"08/14/2019","71.275","70.995","71.365","70.845","","-0.20%"
"08/13/2019","71.418","71.132","71.493","71.032","","0.19%"
"08/12/2019","71.283","71.014","71.367","70.993","","0.51%"
"08/09/2019","70.924","70.443","70.924","70.443","","0.72%"
"08/08/2019","70.420","71.170","71.170","70.420","","-1.02%"
"08/07/2019","71.145","70.965","71.195","70.604","","0.15%"
"08/06/2019","71.040","70.810","71.040","70.470","","0.31%"
"08/05/2019","70.821","70.117","70.839","70.117","","1.61%"
"08/02/2019","69.700","69.230","69.700","69.210","","0.99%"
"08/01/2019","69.017","69.267","69.267","69.002","","0.21%"
"07/31/2019","68.875","68.853","68.960","68.761","","0.02%"
"07/30/2019","68.862","68.766","68.903","68.663","","0.16%"
"07/29/2019","68.755","68.900","68.965","68.705","","-0.18%"
"07/26/2019","68.880","69.151","69.151","68.816","","-0.23%"
"07/25/2019","69.041","68.992","69.078","68.885","","0.09%"
"07/24/2019","68.980","69.020","69.109","68.921","","-0.08%"
"07/23/2019","69.033","68.944","69.059","68.903","","0.15%"
"07/22/2019","68.930","68.955","69.070","68.880","","0.10%"
"07/19/2019","68.860","68.810","68.955","68.722","","0.01%"
"07/18/2019","68.855","68.773","69.005","68.718","","0.01%"
"07/17/2019","68.846","68.688","68.904","68.640","","0.29%"
"07/16/2019","68.650","68.540","68.770","68.521","","0.15%"
"07/15/2019","68.545","68.535","68.615","68.477","","-0.02%"
"07/12/2019","68.560","68.460","68.695","68.433","","0.22%"
"07/11/2019","68.410","68.414","68.495","68.280","","-0.01%"
"07/10/2019","68.419","68.620","68.695","68.318","","-0.21%"
"07/09/2019","68.565","68.665","68.858","68.513","","0.00%"
"07/08/2019","68.566","68.582","68.767","68.497","","0.17%"
"07/05/2019","68.450","68.539","68.785","68.385","","-0.11%"
"07/04/2019","68.527","68.817","68.914","68.489","","-0.40%"
"07/03/2019","68.800","68.885","68.963","68.795","","-0.13%"
"07/02/2019","68.890","68.924","69.075","68.870","","0.01%"
"07/01/2019","68.885","68.944","69.090","68.830","","-0.09%"
"06/28/2019","68.950","69.048","69.125","68.866","","-0.20%"
"06/27/2019","69.088","69.210","69.353","69.030","","-0.23%"
"06/26/2019","69.245","69.320","69.518","69.110","","-0.13%"
"06/25/2019","69.334","69.266","69.439","69.238","","0.09%"
"06/24/2019","69.273","69.629","69.630","69.264","","-0.49%"
"06/21/2019","69.615","69.755","69.760","69.504","","0.14%"
"06/20/2019","69.520","69.490","69.675","69.334","","-0.19%"
"06/19/2019","69.650","69.550","69.808","69.500","","0.06%"
"06/18/2019","69.610","69.868","69.891","69.609","","-0.34%"
"06/17/2019","69.850","69.810","69.982","69.740","","0.02%"
"06/14/2019","69.833","69.566","69.865","69.530","","0.44%"
"06/13/2019","69.530","69.379","69.580","69.314","","0.22%"
"06/12/2019","69.375","69.414","69.455","69.257","","-0.01%"
"06/11/2019","69.385","69.534","69.534","69.342","","-0.22%"
"06/10/2019","69.535","69.375","69.685","69.375","","0.26%"
"06/07/2019","69.355","69.146","69.551","69.114","","0.27%"
"06/06/2019","69.165","69.405","69.460","69.165","","-0.32%"
"06/05/2019","69.385","69.334","69.423","69.178","","0.14%"
"06/04/2019","69.291","69.068","69.343","69.033","","0.17%"
"06/03/2019","69.171","69.618","69.622","69.128","","-0.59%"
"05/31/2019","69.580","69.839","69.927","69.580","","-0.35%"
"05/30/2019","69.825","69.835","69.935","69.703","","-0.03%"
"05/29/2019","69.845","69.587","70.003","69.579","","0.34%"
"05/28/2019","69.610","69.516","69.755","69.516","","0.15%"
"05/27/2019","69.504","69.412","69.633","69.362","","0.18%"
"05/24/2019","69.380","69.699","69.811","69.377","","-0.41%"
"05/23/2019","69.665","69.666","70.065","69.375","","0.02%"
"05/22/2019","69.650","69.668","69.811","69.614","","0.01%"
"05/21/2019","69.645","69.817","69.825","69.620","","0.05%"
"05/20/2019","69.609","69.405","69.778","69.373","","-0.95%"
"05/17/2019","70.280","70.220","70.288","70.067","","0.21%"
"05/16/2019","70.130","70.219","70.342","69.966","","-0.17%"
"05/15/2019","70.249","70.322","70.442","70.174","","-0.12%"
"05/14/2019","70.332","70.596","70.616","70.252","","-0.34%"
"05/13/2019","70.570","70.015","70.651","69.984","","0.79%"
"05/10/2019","70.015","70.091","70.114","69.756","","-0.26%"
"05/09/2019","70.200","69.719","70.276","69.719","","0.69%"
"05/08/2019","69.720","69.596","69.751","69.448","","0.11%"
"05/07/2019","69.645","69.421","69.646","69.285","","0.38%"
"05/06/2019","69.380","69.310","69.485","69.310","","0.41%"
"05/03/2019","69.095","69.436","69.441","69.095","","-0.45%"
"05/02/2019","69.410","69.620","69.634","69.320","","-0.19%"
"05/01/2019","69.545","69.601","69.603","69.466","","-0.15%"
"04/30/2019","69.647","69.831","69.913","69.536","","-0.24%"
"04/29/2019","69.817","69.879","69.895","69.797","","-0.05%"
"04/26/2019","69.850","70.173","70.247","69.810","","-0.46%"
"04/25/2019","70.170","70.010","70.335","69.920","","0.30%"
"04/24/2019","69.960","69.779","70.000","69.762","","0.27%"
"04/23/2019","69.770","69.630","69.840","69.540","","0.10%"
"04/22/2019","69.700","69.366","69.906","69.366","","0.42%"
"04/19/2019","69.407","69.416","69.429","69.355","","0.02%"
"04/18/2019","69.395","69.417","69.619","69.330","","-0.05%"
"04/17/2019","69.431","69.547","69.570","69.362","","-0.14%"
"04/16/2019","69.530","69.422","69.690","69.422","","0.19%"
"04/15/2019","69.395","69.174","69.483","69.045","","0.30%"
"04/12/2019","69.190","69.030","69.390","69.030","","0.25%"
"04/11/2019","69.020","69.164","69.222","68.837","","-0.19%"
"04/10/2019","69.150","69.258","69.366","69.090","","-0.19%"
"04/09/2019","69.280","69.538","69.740","69.248","","-0.40%"
"04/08/2019","69.555","69.335","69.720","69.335","","0.56%"
"04/05/2019","69.170","68.992","69.338","68.986","","0.28%"
"04/04/2019","68.980","68.540","69.220","68.520","","0.77%"
"04/03/2019","68.450","68.730","68.835","68.390","","-0.68%"
"04/02/2019","68.920","69.280","69.390","68.720","","-0.41%"
"04/01/2019","69.205","69.356","69.424","69.185","","0.03%"
"03/29/2019","69.185","69.178","69.320","69.042","","-0.01%"
"03/28/2019","69.190","69.124","69.380","68.950","","0.13%"
"03/27/2019","69.100","69.039","69.187","68.780","","0.15%"
"03/26/2019","68.996","68.931","69.017","68.779","","0.15%"
"03/25/2019","68.890","69.159","69.176","68.795","","-0.40%"
"03/22/2019","69.170","68.650","69.170","68.540","","0.52%"
"03/21/2019","68.810","68.565","68.810","68.510","","0.03%"
"03/20/2019","68.790","69.027","69.176","68.731","","-0.33%"
"03/19/2019","69.015","68.619","69.067","68.350","","0.57%"
"03/18/2019","68.625","68.959","68.959","68.431","","-0.49%"
"03/15/2019","68.963","69.357","69.372","68.935","","-0.58%"
"03/14/2019","69.365","69.525","69.755","69.255","","-0.24%"
"03/13/2019","69.529","69.607","69.794","69.419","","-0.14%"
"03/12/2019","69.625","69.821","69.821","69.491","","-0.32%"
"03/11/2019","69.850","70.028","70.041","69.808","","-0.23%"
"03/08/2019","70.012","70.111","70.245","69.827","","-0.15%"
"03/07/2019","70.116","70.151","70.152","69.950","","0.05%"
"03/06/2019","70.080","70.479","70.692","70.022","","-0.58%"
"03/05/2019","70.490","70.963","70.975","70.448","","-0.59%"
"03/04/2019","70.910","70.815","70.923","70.800","","-0.13%"
"03/01/2019","71.000","70.811","71.000","70.715","","0.23%"
"02/28/2019","70.840","71.231","71.271","70.713","","-0.51%"
"02/27/2019","71.200","71.010","71.491","70.929","","0.34%"
"02/26/2019","70.960","70.829","71.346","70.809","","0.18%"
"02/25/2019","70.834","71.034","71.102","70.827","","-0.28%"
"02/22/2019","71.035","71.195","71.265","71.035","","-0.18%"
"02/21/2019","71.165","71.061","71.280","70.925","","0.22%"
"02/20/2019","71.010","71.320","71.344","70.933","","-0.41%"
"02/19/2019","71.300","71.351","71.602","71.251","","-0.12%"
"02/18/2019","71.387","71.335","71.537","71.326","","0.08%"
"02/15/2019","71.330","71.028","71.464","71.028","","0.44%"
"02/14/2019","71.020","70.869","71.233","70.800","","0.20%"
"02/13/2019","70.875","70.541","70.880","70.397","","0.48%"
"02/12/2019","70.535","71.254","71.254","70.515","","-0.85%"
"02/11/2019","71.140","71.240","71.301","71.038","","-0.05%"
"02/08/2019","71.175","71.395","71.434","71.015","","-0.18%"
"02/07/2019","71.300","71.639","71.769","71.271","","-0.35%"
"02/06/2019","71.550","71.520","71.683","71.492","","0.03%"
"02/05/2019","71.530","71.714","71.812","71.528","","-0.25%"
"02/04/2019","71.710","71.469","71.845","71.462","","0.38%"
"02/01/2019","71.435","71.115","71.485","70.952","","0.67%"
"01/31/2019","70.960","70.959","71.215","70.865","","-0.39%"
"01/30/2019","71.235","71.423","71.423","71.123","","-0.22%"
"01/29/2019","71.390","71.085","71.461","71.026","","0.45%"
"01/28/2019","71.070","70.920","71.196","70.915","","0.24%"
"01/25/2019","70.900","71.040","71.250","70.890","","-0.14%"
"01/24/2019","71.000","71.147","71.315","70.955","","-0.27%"
"01/23/2019","71.190","71.240","71.370","71.115","","-0.10%"
"01/22/2019","71.260","71.197","71.466","71.165","","0.10%"
"01/21/2019","71.188","71.205","71.538","71.140","","-0.03%"
"01/18/2019","71.210","71.040","71.274","70.987","","0.23%"
"01/17/2019","71.050","71.146","71.416","70.972","","0.10%"
"01/16/2019","70.980","71.110","71.265","70.934","","-0.17%"
"01/15/2019","71.100","70.750","71.156","70.723","","0.48%"
"01/14/2019","70.760","70.400","70.950","70.360","","0.51%"
"01/11/2019","70.399","70.430","70.601","70.357","","-0.03%"
"01/10/2019","70.420","70.530","70.655","70.318","","-0.20%"
"01/09/2019","70.560","70.110","70.648","70.050","","0.60%"
"01/08/2019","70.140","69.806","70.240","69.765","","0.48%"
"01/07/2019","69.803","69.532","69.953","69.255","","0.36%"
"01/04/2019","69.550","70.115","70.145","69.550","","-0.80%"
"01/03/2019","70.110","70.300","70.531","70.034","","0.16%"
"01/02/2019","70.000","69.469","70.255","69.469","","0.79%"